Title,URL
5.1.30,http://download.virtualbox.org/virtualbox/5.1.30/VirtualBox-5.1.30-118389-Win.exe
5.1.28,http://download.virtualbox.org/virtualbox/5.1.28/VirtualBox-5.1.28-117968-Win.exe
5.1.26,http://download.virtualbox.org/virtualbox/5.1.26/VirtualBox-5.1.26-117224-Win.exe
5.1.24,http://download.virtualbox.org/virtualbox/5.1.24/VirtualBox-5.1.24-117012-Win.exe
5.1.22,http://download.virtualbox.org/virtualbox/5.1.22/VirtualBox-5.1.22-115126-Win.exe
5.1.20,http://download.virtualbox.org/virtualbox/5.1.20/VirtualBox-5.1.20-114628-Win.exe
5.1.18,http://download.virtualbox.org/virtualbox/5.1.18/VirtualBox-5.1.18-114002-Win.exe
5.1.16,http://download.virtualbox.org/virtualbox/5.1.16/VirtualBox-5.1.16-113841-Win.exe
5.1.14,http://download.virtualbox.org/virtualbox/5.1.14/VirtualBox-5.1.14-112924-Win.exe
